{"labels": [6, 6, 6, 8, 6, 6, 6, 6, 6, 6, 6, 6, 6, 6, 10, 5, 5, 14, 5, 5, 19, 6, 5, 5, 6, 17, 4, 5, 6, 8, 5, 5, 14, 6, 13, 5, 6, 5, 8, 5, 5, 3, 14, 14, 5, 5, 3, 5, 5, 10, 5, 19, 13, 14, 13, 5, 3, 5, 14, 3, 14, 5, 5, 14, 3, 5, 14, 3, 3, 19, 3, 3, 3, 14, 14, 5, 3, 5, 5, 5, 14, 17, 14, 3, 14, 3, 5, 14, 14, 14, 14, 0, 4, 13, 5, 0, 0, 0, 14, 3], "scores": [0.35149064660072327, 0.34478914737701416, 0.3375614881515503, 0.3357788324356079, 0.328450471162796, 0.3165624439716339, 0.3045535683631897, 0.27181917428970337, 0.25565215945243835, 0.24184590578079224, 0.19595326483249664, 0.18094296753406525, 0.17432710528373718, 0.1337132453918457, 0.11009015142917633, 0.09775423258543015, 0.09105236083269119, 0.08886967599391937, 0.08827472478151321, 0.07663702219724655, 0.07538820058107376, 0.06818953156471252, 0.0679575577378273, 0.0668085590004921, 0.06650768965482712, 0.06287111341953278, 0.051896918565034866, 0.05062269791960716, 0.05010056123137474, 0.049159932881593704, 0.048246100544929504, 0.046014219522476196, 0.04454955831170082, 0.043758269399404526, 0.042005445808172226, 0.0412435457110405, 0.03930290788412094, 0.03745303675532341, 0.03685794025659561, 0.03673902899026871, 0.03559230640530586, 0.034295063465833664, 0.032675303518772125, 0.03260885551571846, 0.03257414698600769, 0.03234681859612465, 0.03189351037144661, 0.03182061016559601, 0.03175283968448639, 0.031167028471827507, 0.031040577217936516, 0.031008338555693626, 0.03074030764400959, 0.03070351853966713, 0.030635999515652657, 0.030627643689513206, 0.030349932610988617, 0.0300269965082407, 0.029929056763648987, 0.029830090701580048, 0.02952338010072708, 0.02946431003510952, 0.02935599349439144, 0.02934175543487072, 0.02923385612666607, 0.028992876410484314, 0.028969306498765945, 0.028964664787054062, 0.028887253254652023, 0.028617441654205322, 0.028545605018734932, 0.028521640226244926, 0.028444914147257805, 0.02821175567805767, 0.028193525969982147, 0.027689320966601372, 0.027642952278256416, 0.02759706601500511, 0.02752966247498989, 0.026089493185281754, 0.025658516213297844, 0.025437384843826294, 0.025192990899086, 0.025187263265252113, 0.02515578456223011, 0.024699177592992783, 0.024652978405356407, 0.024568766355514526, 0.024260688573122025, 0.0238775797188282, 0.023741979151964188, 0.023356636986136436, 0.023298010230064392, 0.023222925141453743, 0.023155417293310165, 0.023145774379372597, 0.023089349269866943, 0.02301854081451893, 0.022936182096600533, 0.02292609214782715], "bboxes": [[420.9346008300781, 101.32807922363281, 471.1807556152344, 137.0799102783203], [170.57308959960938, 105.64213562011719, 281.4899597167969, 157.4960174560547], [472.4942626953125, 106.3446044921875, 523.5657958984375, 139.5062255859375], [226.8856201171875, 181.59573364257812, 456.65667724609375, 367.8465881347656], [272.882568359375, 110.76457977294922, 330.8055419921875, 151.9324493408203], [310.927001953125, 117.69682312011719, 365.149169921875, 152.21754455566406], [171.16595458984375, 107.66798400878906, 240.71337890625, 155.05039978027344], [590.7693481445312, 106.87063598632812, 636.7672729492188, 138.9278564453125], [378.77227783203125, 130.27294921875, 432.794189453125, 195.44952392578125], [241.99588012695312, 113.22015380859375, 297.9606018066406, 157.01605224609375], [450.468017578125, 102.11761474609375, 505.71868896484375, 136.08999633789062], [383.1728515625, 121.18450927734375, 428.4383544921875, 172.83761596679688], [385.1692199707031, 119.11976623535156, 426.6324157714844, 158.84556579589844], [226.03074645996094, 178.66961669921875, 457.71282958984375, 363.9210205078125], [221.17239379882812, 182.71974182128906, 455.2645568847656, 366.91436767578125], [28.80657196044922, 80.25514221191406, 135.379150390625, 133.87310791015625], [54.83404541015625, 87.92147064208984, 141.2099151611328, 126.31150817871094], [379.1905517578125, 127.0020751953125, 432.4986572265625, 191.44039916992188], [11.95919418334961, 65.75257873535156, 128.11270141601562, 148.2381134033203], [523.5390014648438, 98.20350646972656, 616.7196655273438, 140.2272186279297], [226.03074645996094, 178.66961669921875, 457.71282958984375, 363.9210205078125], [57.518310546875, 92.77503204345703, 138.5978546142578, 128.7588348388672], [-0.8180503845214844, 37.494140625, 100.92169189453125, 176.56431579589844], [-1.6749687194824219, 38.47474670410156, 85.45724487304688, 191.58905029296875], [37.829063415527344, 86.43859100341797, 134.15896606445312, 135.26853942871094], [221.17239379882812, 182.71974182128906, 455.2645568847656, 366.91436767578125], [226.8856201171875, 181.59573364257812, 456.65667724609375, 367.8465881347656], [586.2709350585938, 103.0972671508789, 634.0878295898438, 135.94764709472656], [512.6469116210938, 110.50904846191406, 587.8090209960938, 143.43006896972656], [377.524658203125, 135.7440185546875, 434.2943115234375, 197.83477783203125], [177.63034057617188, 110.10139465332031, 282.2644348144531, 158.99473571777344], [471.86822509765625, 103.11088562011719, 524.2597045898438, 136.2366180419922], [233.88351440429688, 178.16201782226562, 457.3945007324219, 364.3385314941406], [-1.2897491455078125, 55.49675750732422, 69.59014892578125, 190.28140258789062], [378.77227783203125, 130.27294921875, 432.794189453125, 195.44952392578125], [480.0755920410156, 103.62564849853516, 531.3890380859375, 135.7850341796875], [-0.8180503845214844, 37.494140625, 100.92169189453125, 176.56431579589844], [171.9912872314453, 110.85603332519531, 256.06683349609375, 158.22145080566406], [220.19522094726562, 247.86508178710938, 287.6734924316406, 350.0354919433594], [423.8753967285156, 101.26005554199219, 475.9696960449219, 136.8710479736328], [431.42913818359375, 101.60911560058594, 484.37457275390625, 136.16746520996094], [590.7693481445312, 106.87063598632812, 636.7672729492188, 138.9278564453125], [171.16595458984375, 107.66798400878906, 240.71337890625, 155.05039978027344], [272.882568359375, 110.76457977294922, 330.8055419921875, 151.9324493408203], [383.4183654785156, 101.82661437988281, 436.9254455566406, 137.0851287841797], [507.90948486328125, 102.76133728027344, 576.2559204101562, 135.5018768310547], [423.8753967285156, 101.26005554199219, 475.9696960449219, 136.8710479736328], [310.927001953125, 117.69682312011719, 365.149169921875, 152.21754455566406], [321.3771667480469, 118.63172912597656, 370.5431213378906, 151.75352478027344], [376.0133361816406, 131.07223510742188, 428.7937316894531, 194.71353149414062], [417.03704833984375, 101.28141784667969, 467.50604248046875, 137.3038787841797], [262.0416259765625, 174.4849853515625, 460.968994140625, 367.71356201171875], [383.1728515625, 121.18450927734375, 428.4383544921875, 172.83761596679688], [420.9346008300781, 101.32807922363281, 471.1807556152344, 137.0799102783203], [590.7693481445312, 106.87063598632812, 636.7672729492188, 138.9278564453125], [438.3434753417969, 101.75355529785156, 493.5971984863281, 136.08177185058594], [417.03704833984375, 101.28141784667969, 467.50604248046875, 137.3038787841797], [274.31512451171875, 114.58914184570312, 329.48583984375, 154.48959350585938], [241.99588012695312, 113.22015380859375, 297.9606018066406, 157.01605224609375], [171.16595458984375, 107.66798400878906, 240.71337890625, 155.05039978027344], [261.2852478027344, 113.99139404296875, 310.9377136230469, 156.01242065429688], [331.5667419433594, 119.32882690429688, 376.1540222167969, 151.1990966796875], [235.38758850097656, 112.9849853515625, 296.78887939453125, 157.07763671875], [252.85784912109375, 113.61148071289062, 303.17462158203125, 156.69952392578125], [272.882568359375, 110.76457977294922, 330.8055419921875, 151.9324493408203], [374.5981140136719, 102.19993591308594, 422.0141906738281, 136.66233825683594], [590.7693481445312, 106.87063598632812, 636.7672729492188, 138.9278564453125], [321.3771667480469, 118.63172912597656, 370.5431213378906, 151.75352478027344], [471.86822509765625, 103.11088562011719, 524.2597045898438, 136.2366180419922], [378.77227783203125, 