{"labels": [6, 8, 6, 6, 6, 6, 8, 6, 6, 14, 10, 8, 3, 6, 12, 6, 6, 3, 15, 6, 8, 5, 15, 15, 3, 6, 0, 16, 17, 9, 2, 15, 16, 8, 5, 18, 18, 0, 18, 1, 5, 3, 5, 3, 18, 14, 14, 15, 13, 1, 1, 15, 15, 3, 18, 15, 3, 0, 13, 3, 18, 11, 18, 14, 18, 14, 11, 14, 3, 3, 15, 14, 0, 0, 12, 0, 0, 15, 15, 9, 6, 11, 0, 18, 12, 15, 15, 1, 10, 0, 3, 5, 10, 13, 5, 17, 1, 3, 19, 13], "scores": [0.4235701560974121, 0.40035325288772583, 0.3314167559146881, 0.30396661162376404, 0.29201173782348633, 0.2589751183986664, 0.18320724368095398, 0.1696603149175644, 0.16129055619239807, 0.14879296720027924, 0.12151569873094559, 0.11695623397827148, 0.10470731556415558, 0.10244312882423401, 0.09910234063863754, 0.09169109165668488, 0.08750811964273453, 0.08662503212690353, 0.08518994599580765, 0.08468691259622574, 0.08406569808721542, 0.08136721700429916, 0.07976599782705307, 0.07909342646598816, 0.07167427986860275, 0.0675024539232254, 0.06742119789123535, 0.06566885113716125, 0.06551908701658249, 0.06098280847072601, 0.05804208666086197, 0.05678156018257141, 0.05675148591399193, 0.0564730204641819, 0.05620886757969856, 0.050877735018730164, 0.05023723468184471, 0.04997900873422623, 0.04829026013612747, 0.04736240953207016, 0.045436959713697433, 0.04495074227452278, 0.04332985728979111, 0.04213123396039009, 0.04078715294599533, 0.04021250829100609, 0.039845213294029236, 0.03971613198518753, 0.03955667465925217, 0.03818289935588837, 0.03689957782626152, 0.03586969152092934, 0.035469718277454376, 0.03486008942127228, 0.03471981734037399, 0.0339176282286644, 0.033632516860961914, 0.033627014607191086, 0.0319717600941658, 0.03161856159567833, 0.0312965027987957, 0.03094477951526642, 0.03072565793991089, 0.029851168394088745, 0.029664278030395508, 0.029311303049325943, 0.02897239290177822, 0.028128821402788162, 0.027619507163763046, 0.02761264331638813, 0.027426494285464287, 0.026819951832294464, 0.026546679437160492, 0.02650858648121357, 0.02641814760863781, 0.026329491287469864, 0.026133818551898003, 0.026116034016013145, 0.025834187865257263, 0.025430424138903618, 0.025275899097323418, 0.025087298825383186, 0.02485574595630169, 0.024777861312031746, 0.02458701655268669, 0.024525746703147888, 0.02426741272211075, 0.02416178770363331, 0.023495303466916084, 0.02323492243885994, 0.023156484588980675, 0.02263396605849266, 0.022531121969223022, 0.02222353219985962, 0.021832700818777084, 0.021731089800596237, 0.021515613421797752, 0.021498002111911774, 0.021388910710811615, 0.02056283876299858], "bboxes": [[173.28057861328125, 103.90724182128906, 314.78594970703125, 155.7698516845703], [223.66326904296875, 164.3571319580078, 455.15850830078125, 396.03875732421875], [280.52215576171875, 114.64251708984375, 382.30413818359375, 154.58486938476562], [61.77545928955078, 84.40922546386719, 122.41683959960938, 124.08036804199219], [216.3592529296875, 102.29180908203125, 366.72198486328125, 155.07357788085938], [411.638427734375, 101.60704040527344, 523.7034912109375, 136.71324157714844], [223.5522918701172, 120.35755920410156, 454.7076416015625, 377.51861572265625], [602.4349365234375, 104.42456817626953, 637.055908203125, 135.08782958984375], [192.18441772460938, 84.519775390625, 456.8063049316406, 382.1557922363281], [384.0677490234375, 126.18325805664062, 439.22979736328125, 191.58343505859375], [223.66326904296875, 164.3571319580078, 455.15850830078125, 396.03875732421875], [349.347900390625, 176.03536987304688, 459.23602294921875, 385.1220397949219], [385.2984619140625, 120.40936279296875, 437.89239501953125, 187.10519409179688], [131.53717041015625, 88.94465637207031, 182.51174926757812, 120.52322387695312], [384.0677490234375, 126.18325805664062, 439.22979736328125, 191.58343505859375], [282.0557861328125, 100.39569091796875, 445.77044677734375, 158.43338012695312], [385.2984619140625, 120.40936279296875, 437.89239501953125, 187.10519409179688], [224.8367462158203, 157.02989196777344, 453.8636474609375, 389.64642333984375], [8.242584228515625, -0.35146331787109375, 112.61038208007812, 178.97332763671875], [224.8367462158203, 157.02989196777344, 453.8636474609375, 389.64642333984375], [384.0677490234375, 126.18325805664062, 439.22979736328125, 191.58343505859375], [61.77545928955078, 84.40922546386719, 122.41683959960938, 124.08036804199219], [8.879268646240234, 1.6543922424316406, 127.13783264160156, 128.96035766601562], [562.4739379882812, 106.35729217529297, 630.4799194335938, 148.35836791992188], [209.1923065185547, 115.44058227539062, 455.12445068359375, 382.2137756347656], [278.3417663574219, 80.71419525146484, 398.6054382324219, 145.51840209960938], [411.7098388671875, 96.7548828125, 523.709228515625, 133.09149169921875], [211.19171142578125, 142.82412719726562, 454.2943115234375, 388.2763977050781], [224.8367462158203, 157.02989196777344, 453.8636474609375, 389.64642333984375], [384.0677490234375, 126.18325805664062, 439.22979736328125, 191.58343505859375], [385.2984619140625, 120.40936279296875, 437.89239501953125, 187.10519409179688], [74.70669555664062, 8.75124740600586, 157.5350341796875, 105.35113525390625], [385.2984619140625, 120.40936279296875, 437.89239501953125, 187.10519409179688], [204.41738891601562, 180.13226318359375, 347.0535583496094, 364.75140380859375], [411.7098388671875, 96.7548828125, 523.709228515625, 133.09149169921875], [61.77545928955078, 84.40922546386719, 122.41683959960938, 124.08036804199219], [411.7098388671875, 96.7548828125, 523.709228515625, 133.09149169921875], [570.3518676757812, 92.83792877197266, 636.0145874023438, 134.97743225097656], [570.3518676757812, 92.83792877197266, 636.0145874023438, 134.97743225097656], [192.18441772460938, 84.519775390625, 456.8063049316406, 382.1557922363281], [563.64208984375, 90.75155639648438, 630.88525390625, 135.61146545410156], [570.3518676757812, 92.83792877197266, 636.0145874023438, 134.97743225097656], [162.94271850585938, 86.81342315673828, 229.384765625, 143.85142517089844], [438.20928955078125, 103.89727020263672, 528.8096313476562, 135.01856994628906], [395.66961669921875, 95.70852661132812, 493.71319580078125, 132.10675048828125], [173.5924835205078, 69.68820190429688, 362.2255859375, 143.481201171875], [278.38214111328125, 65.6869888305664, 353.89154052734375, 114.31478118896484], [131.53717041015625, 88.94465637207031, 182.51174926757812, 120.52322387695312], [384.0677490234375, 126.18325805664062, 439.22979736328125, 191.58343505859375], [372.4372863769531, 117.38572692871094, 438.4369201660156, 190.43324279785156], [212.14674377441406, 153.080078125, 453.8529052734375, 392.97137451171875], [507.930419921875, 28.613285064697266, 619.6612548828125, 135.28561401367188], [61.77545928955078, 84.40922546386719, 122.41683959960938, 124.08036804199219], [52.27494812011719, 77.68707275390625, 118.28314208984375, 119.8101806640625], [224.8367462158203, 157.02989196777344, 453.8636474609375, 389.64642333984375], [509.5162353515625, 37.92237854003906, 585.524169921875, 140.91961669921875], [165.4339599609375, 106.64546203613281, 230.02642822265625, 150.2880096435547], [61.77545928955078, 84.40922546386719, 122.41683959960938, 124.08036804199219], [602.4349365234375, 104.42456817626953, 637.055908203125, 135.08782958984375], [428.24835205078125, 109.78252410888672, 601.3766479492188, 146.87570190429688], [17.26547622680664, 42.922794342041016, 118.73085021972656, 165.4695281982422], [212.14674377441406, 153.080078125, 453.8529052734375, 392.97137451171875], [209.1923065185547, 115.44058227539062, 455.12445068359375, 382.2137756347656], [8.286426544189453, 4.257537841796875, 112.2093505859375, 188.8428497314453], [385.2984619140625, 120.40936279296875, 437.89239501953125, 187.10519409179688], [8.418401718139648, 48.06695556640625, 65.02749633789062, 192.9835205078125], [212.92364501953125, 250.56179809570312, 290.7178955078125, 342.1575622558594], [7.128620147705078, 22.90998077392578, 79.92774963378906, 186.56005859375], [512.91650390625, 81.00439453125, 630.6478271484375, 144.82130432128906], [59.760292053222656, 