{"labels": [6, 9, 6, 6, 8, 6, 6, 6, 12, 6, 17, 11, 6, 6, 16, 6, 6, 6, 6, 6, 6, 6, 2, 14, 0, 15, 6, 6, 6, 6, 5, 6, 13, 13, 5, 5, 3, 8, 7, 13, 6, 13, 6, 6, 13, 19, 5, 5, 8, 6, 17, 5, 3, 5, 13, 3, 6, 0, 13, 13, 13, 5, 1, 9, 5, 5, 5, 3, 5, 5, 9, 13, 5, 17, 17, 5, 0, 19, 5, 13, 18, 18, 5, 6, 9, 6, 8, 0, 0, 0, 9, 6, 6, 18, 3, 13, 10, 13, 14, 13], "scores": [0.6077275276184082, 0.4675687551498413, 0.34118491411209106, 0.3372369706630707, 0.3346867859363556, 0.31346675753593445, 0.2732158303260803, 0.26854756474494934, 0.2599456012248993, 0.24852772057056427, 0.22409950196743011, 0.17598620057106018, 0.14661957323551178, 0.13492140173912048, 0.12151990085840225, 0.11037499457597733, 0.08645416051149368, 0.06892360746860504, 0.06360749900341034, 0.06194080039858818, 0.0592518113553524, 0.053092118352651596, 0.047250013798475266, 0.04477657005190849, 0.040459226816892624, 0.03933703526854515, 0.03646300360560417, 0.034097764641046524, 0.032118868082761765, 0.03208360821008682, 0.031849563121795654, 0.031820181757211685, 0.03179048001766205, 0.03131924569606781, 0.029278356581926346, 0.02898646891117096, 0.027734115719795227, 0.02646654099225998, 0.02639714814722538, 0.026296017691493034, 0.02487701177597046, 0.023230312392115593, 0.02292594127357006, 0.02259722538292408, 0.02252887934446335, 0.02106398530304432, 0.019333479925990105, 0.019297976046800613, 0.018944568932056427, 0.018885213881731033, 0.018765399232506752, 0.01852361112833023, 0.01811584271490574, 0.0181014072149992, 0.017595715820789337, 0.017255347222089767, 0.01714172028005123, 0.017020050436258316, 0.016825538128614426, 0.016759641468524933, 0.016750624403357506, 0.01665114425122738, 0.016490153968334198, 0.01640126295387745, 0.01640029437839985, 0.015902742743492126, 0.015529841184616089, 0.015514684841036797, 0.015390625223517418, 0.01533563993871212, 0.015335439704358578, 0.01530198473483324, 0.01522222999483347, 0.01487305760383606, 0.014853235334157944, 0.014269634149968624, 0.014135080389678478, 0.013936680741608143, 0.013721060939133167, 0.013555936515331268, 0.013346743769943714, 0.013333030976355076, 0.013107637874782085, 0.012888415716588497, 0.012710633687675, 0.012646550312638283, 0.012642169371247292, 0.012595536187291145, 0.012520719319581985, 0.012454649433493614, 0.012367762625217438, 0.012294739484786987, 0.011919064447283745, 0.011906402185559273, 0.011880429461598396, 0.011719759553670883, 0.01164246629923582, 0.011611784808337688, 0.011603676714003086, 0.011587128974497318], "bboxes": [[167.5174560546875, 106.17315673828125, 299.8518981933594, 156.10784912109375], [374.9950256347656, 131.853271484375, 436.1699523925781, 192.8424072265625], [290.2255859375, 112.92393493652344, 377.91339111328125, 150.9790802001953], [441.76373291015625, 105.32746124267578, 490.30767822265625, 133.8617401123047], [218.40444946289062, 174.4471435546875, 458.9161682128906, 390.8841552734375], [603.7676391601562, 107.69949340820312, 640.2716674804688, 138.26058959960938], [481.2671203613281, 109.33145141601562, 523.64990234375, 134.74160766601562], [398.0038757324219, 107.69186401367188, 438.4963073730469, 138.2325439453125], [374.9950256347656, 131.853271484375, 436.1699523925781, 192.8424072265625], [270.57733154296875, 106.75405883789062, 326.2210693359375, 147.11941528320312], [218.40444946289062, 174.4471435546875, 458.9161682128906, 390.8841552734375], [374.9950256347656, 131.853271484375, 436.1699523925781, 192.8424072265625], [401.9525146484375, 106.47284698486328, 466.1806640625, 138.55413818359375], [443.0528259277344, 104.391357421875, 521.6576538085938, 134.60049438476562], [374.9950256347656, 131.853271484375, 436.1699523925781, 192.8424072265625], [166.54058837890625, 108.60750579833984, 237.60455322265625, 146.11651611328125], [369.89111328125, 109.40660095214844, 434.88818359375, 144.68614196777344], [351.7308044433594, 114.43424987792969, 388.7851257324219, 147.86610412597656], [362.2249450683594, 114.63792419433594, 394.1033630371094, 147.3555450439453], [370.6998291015625, 128.29385375976562, 435.12078857421875, 191.21438598632812], [359.3310241699219, 113.11188507080078, 412.7633972167969, 148.72216796875], [6.913349151611328, 108.1487808227539, 76.624267578125, 145.52215576171875], [374.9950256347656, 131.853271484375, 436.1699523925781, 192.8424072265625], [374.9950256347656, 131.853271484375, 436.1699523925781, 192.8424072265625], [374.9950256347656, 131.853271484375, 436.1699523925781, 192.8424072265625], [374.9222412109375, 128.30078125, 436.41943359375, 191.39727783203125], [540.2694702148438, 110.10368347167969, 584.2322387695312, 151.6371612548828], [4.476163864135742, 114.99671936035156, 32.194679260253906, 146.3345184326172], [549.0756225585938, 106.78170013427734, 591.2681274414062, 147.6830596923828], [526.5595703125, 105.34420776367188, 582.1275634765625, 148.76861572265625], [167.09152221679688, 106.80607604980469, 294.1603698730469, 155.38584899902344], [5.745441436767578, 113.98409271240234, 46.774227142333984, 147.33419799804688], [167.5174560546875, 106.17315673828125, 299.8518981933594, 156.10784912109375], [398.0038757324219, 107.69186401367188, 438.4963073730469, 138.2325439453125], [441.76373291015625, 105.32746124267578, 490.30767822265625, 133.8617401123047], [603.7676391601562, 107.69949340820312, 640.2716674804688, 138.26058959960938], [219.4318389892578, 171.64199829101562, 457.80133056640625, 386.8480529785156], [374.9222412109375, 128.30078125, 436.41943359375, 191.39727783203125], [374.9222412109375, 128.30078125, 436.41943359375, 191.39727783203125], [603.7676391601562, 107.69949340820312, 640.2716674804688, 138.26058959960938], [219.4318389892578, 171.64199829101562, 457.80133056640625, 386.8480529785156], [437.7268371582031, 105.03479766845703, 487.3737487792969, 133.948974609375], [521.205322265625, 106.94332885742188, 571.7191162109375, 146.86984252929688], [4.760932922363281, 105.58091735839844, 144.09671020507812, 147.64259338378906], [370.6998291015625, 128.29385375976562, 435.12078857421875, 191.21438598632812], [374.9222412109375, 128.30078125, 436.41943359375, 191.39727783203125], [479.8839111328125, 106.76260375976562, 524.655029296875, 133.00033569335938], [276.1701354980469, 111.64688110351562, 376.6772155761719, 151.16961669921875], [167.09152221679688, 106.80607604980469, 294.1603698730469, 155.38584899902344], [19.24944305419922, 109.19203186035156, 113.19033813476562, 144.5181427001953], [374.9222412109375, 128.30078125, 436.41943359375, 191.39727783203125], [274.7676696777344, 102.9251708984375, 328.9524230957031, 136.3699951171875], [167.09152221679688, 106.80607604980469, 294.1603698730469, 155.38584899902344], [398.0038757324219, 107.69186401367188, 438.4963073730469, 138.2325439453125], [272.39447021484375, 107.06147766113281, 331.7882080078125, 146.63624572753906], [603.7676391601562, 107.69949340820312, 640.2716674804688, 138.26058959960938], [33.9921760559082, 111.50594329833984, 82.12290954589844, 142.66134643554688], [167.5174560546875, 106.17315673828125, 299.8518981933594, 156.10784912109375], [281.8150634765625, 111.92042541503906, 379.044921875, 151.5166473388672], [479.8839111328125, 106.76260375976562, 524.655029296875, 133.00033569335938], [297.3019714355469, 113.67664337158203, 378.7367248535156, 150.33676147460938], [443.0528259277344, 104.391357421875, 521.6576538085938, 134.60049438476562], [374.9222412109375, 128.30078125, 436.41943359375, 191.39727783203125], [167.09152221679688, 106.80607604980469, 294.1603698730469, 155.38584899902344], [374.9222412109375, 128.30078125, 436.41943359375, 191.39727783203125], [63.502471923828125, 83.6139144897461, 148.58892822265625, 122.81614685058594], [42.27497863769531, 83.42881774902344, 138.48680114746094, 122.87202453613281], [370.6998291015625, 128.29385375976562, 435.12078857421875, 191.21438598632812], [403.20050048828125, 103.82117462158203, 465.1595458984375, 135.43177795410156], [33.51889419555664, 88.91401672363281, 147.20333862304688, 132.8697052001953], 