{"labels": [18, 3, 18, 6, 3, 18, 18, 6, 5, 18, 3, 6, 3, 18, 0, 0, 18, 18, 18, 18, 18, 5, 18, 18, 18, 5, 5, 18, 18, 18, 18, 3, 19, 3, 18, 5, 18, 18, 18, 3, 18, 0, 6, 18, 18, 0, 18, 18, 18, 18, 0, 18, 18, 18, 0, 3, 0, 18, 3, 0, 5, 3, 0, 2, 0, 3, 5, 18, 18, 18, 18, 5, 3, 0, 18, 18, 5, 3, 18, 18, 0, 5, 18, 15, 3, 5, 3, 5, 5, 18, 0, 18, 18, 18, 15, 18, 18, 18, 18, 0], "scores": [0.2722446918487549, 0.22042621672153473, 0.19147154688835144, 0.1849944293498993, 0.16951893270015717, 0.14690469205379486, 0.13329088687896729, 0.1267387568950653, 0.12195291370153427, 0.11231567710638046, 0.11025946587324142, 0.10838353633880615, 0.10796788334846497, 0.10267466306686401, 0.10257825255393982, 0.10144080966711044, 0.09720704704523087, 0.0953841283917427, 0.09535462409257889, 0.09263154864311218, 0.09243480116128922, 0.09236647188663483, 0.09188298881053925, 0.0905093178153038, 0.09025649726390839, 0.08937104046344757, 0.08869647234678268, 0.08868026733398438, 0.08700265735387802, 0.08650622516870499, 0.08528998494148254, 0.08462114632129669, 0.08459673076868057, 0.08412723988294601, 0.0824674516916275, 0.08120519667863846, 0.08086942136287689, 0.08035317063331604, 0.07772141695022583, 0.07757922261953354, 0.07756862044334412, 0.07672043889760971, 0.07543889433145523, 0.07256613671779633, 0.07159668207168579, 0.07138454914093018, 0.07073444873094559, 0.07049353420734406, 0.07041574269533157, 0.06951848417520523, 0.06860397756099701, 0.06839285790920258, 0.0678245946764946, 0.06765015423297882, 0.06706231087446213, 0.06704442948102951, 0.06702668964862823, 0.06681796163320541, 0.06639420241117477, 0.06538908183574677, 0.0653473362326622, 0.06488156318664551, 0.06353282928466797, 0.0634080022573471, 0.0633154809474945, 0.06263646483421326, 0.0616300143301487, 0.0614972747862339, 0.06148729845881462, 0.06118899583816528, 0.06099695712327957, 0.06058954447507858, 0.06005292758345604, 0.05994679406285286, 0.05944960191845894, 0.05879450961947441, 0.05864879861474037, 0.05844537168741226, 0.05841214209794998, 0.05826948210597038, 0.057579707354307175, 0.057291384786367416, 0.057181745767593384, 0.05679033324122429, 0.05675230547785759, 0.05672481283545494, 0.0566059872508049, 0.056282274425029755, 0.05627947673201561, 0.05609675869345665, 0.05603133887052536, 0.05602169409394264, 0.05600546672940254, 0.05588516220450401, 0.05584117770195007, 0.05568218603730202, 0.05556559935212135, 0.055509328842163086, 0.05546845495700836, 0.05533614382147789], "bboxes": [[128.54071044921875, 277.77288818359375, 323.1297912597656, 386.3016357421875], [691.4996337890625, 406.3467102050781, 735.8619384765625, 449.5923767089844], [410.118896484375, 440.8144836425781, 474.09783935546875, 494.1616516113281], [841.1807250976562, 491.1641845703125, 914.8771362304688, 564.606201171875], [847.28076171875, 491.9771728515625, 915.639404296875, 563.835693359375], [-3.233062744140625, 257.4569396972656, 508.037353515625, 784.2310791015625], [-1.4876251220703125, 241.8248291015625, 506.26324462890625, 773.4473876953125], [691.4996337890625, 406.3467102050781, 735.8619384765625, 449.5923767089844], [128.54071044921875, 277.77288818359375, 323.1297912597656, 386.3016357421875], [605.9176635742188, 422.04559326171875, 653.7212524414062, 473.48553466796875], [605.9130249023438, 417.78125, 653.8849487304688, 470.47515869140625], [410.1276550292969, 436.6604309082031, 474.1828308105469, 491.8085632324219], [410.1276550292969, 436.6604309082031, 474.1828308105469, 491.8085632324219], [33.92578125, 262.9347839355469, 530.8143310546875, 784.3936767578125], [851.68212890625, 248.09722900390625, 1380.363525390625, 762.1602172851562], [691.4996337890625, 406.3467102050781, 735.8619384765625, 449.5923767089844], [32.37266540527344, 241.05422973632812, 532.6648559570312, 773.88427734375], [68.48599243164062, 231.99346923828125, 565.6156005859375, 779.6214599609375], [20.624847412109375, 262.6300964355469, 511.1229248046875, 784.6929931640625], [20.400314331054688, 241.40597534179688, 511.543212890625, 773.6015625], [931.158447265625, 639.6505737304688, 1400.60498046875, 784.2203979492188], [-1.4876251220703125, 241.8248291015625, 506.26324462890625, 773.4473876953125], [841.34326171875, 486.05828857421875, 914.61474609375, 562.5264282226562], [29.48004150390625, 274.96429443359375, 326.3821716308594, 389.13177490234375], [948.25830078125, 638.92333984375, 1399.452880859375, 784.9005126953125], [-1.122161865234375, 251.05157470703125, 505.7980041503906, 781.2150268554688], [-2.56085205078125, 263.9269714355469, 507.52337646484375, 783.263427734375], [914.466796875, 649.0021362304688, 1401.364501953125, 782.5508422851562], [68.25778198242188, 261.2188415527344, 560.6343994140625, 785.8751220703125], [691.4996337890625, 406.3467102050781, 735.8619384765625, 449.5923767089844], [72.817138671875, 277.5037841796875, 314.8896484375, 386.60992431640625], [851.68212890625, 248.09722900390625, 1380.363525390625, 762.1602172851562], [410.14105224609375, 438.5255126953125, 480.48358154296875, 496.37664794921875], [890.1024780273438, 253.35638427734375, 1403.810546875, 756.7068481445312], [897.4747924804688, 649.450439453125, 1401.3167724609375, 782.2327880859375], [410.1276550292969, 436.6604309082031, 474.1828308105469, 491.8085632324219], [1024.880859375, 268.6270751953125, 1378.81884765625, 395.5439453125], [1022.45361328125, 275.3771057128906, 1381.355712890625, 404.8118591308594], [1022.244384765625, 269.27642822265625, 1365.628173828125, 394.852783203125], [887.1096801757812, 253.30242919921875, 1389.54638671875, 757.0989379882812], [1032.4146728515625, 276.63031005859375, 1387.3472900390625, 403.63934326171875], [822.3631591796875, 242.73208618164062, 1345.9310302734375, 767.5533447265625], [605.9176635742188, 422.04559326171875, 653.7212524414062, 473.48553466796875], [-6.30816650390625, 230.07635498046875, 510.7115478515625, 747.1622314453125], [-8.380615234375, 224.95388793945312, 512.89501953125, 719.9052734375], [852.6529541015625, 233.2637481689453, 1379.3819580078125, 711.5631103515625], [97.36843872070312, 229.31723022460938, 599.5697021484375, 783.030029296875], [83.5838623046875, 231.6143798828125, 577.1206665039062, 779.81884765625], [25.9862060546875, 217.50738525390625, 542.5851440429688, 727.7955932617188], [59.43199157714844, 235.35952758789062, 543.972900390625, 775.447265625], [847.28076171875, 491.9771728515625, 915.639404296875, 563.835693359375], [900.1312866210938, 45.92304229736328, 1279.5892333984375, 202.15634155273438], [67.10990905761719, 207.36709594726562, 566.6152954101562, 739.317138671875], [892.2779541015625, 46.69586181640625, 1271.5076904296875, 201.41006469726562], [794.0993041992188, 242.95355224609375, 1310.94580078125, 766.9964599609375], [717.4520874023438, 205.6005859375, 1197.077392578125, 740.8225708007812], [892.5371704101562, 256.197509765625, 1401.123046875, 758.6282958984375], [59.32350158691406, 261.32440185546875, 536.5772094726562, 786.1218872070312], [128.57742309570312, 274.375244140625, 323.2314758300781, 382.14300537109375], [881.5127563476562, 253.01657104492188, 1385.959228515625, 757.4359130859375], [318.4964599609375, 189.25241088867188, 763.726318359375, 727.489013671875], [891.863525390625, 276.3988037109375, 1401.7919921875, 771.0030517578125], [852.8509521484375, 281.49310302734375, 1379.5074462890625, 774.7131958007812], [691.4996337890625, 406.3467102050781, 735.8619384765625, 449.5923767089844], [819.6590576171875, 226.0341033935547, 1348.3861083984375, 718.806640625], [821.9244384765625, 241.99472045898438, 1345.0311279296875, 768.174072265625], [605.9176635742188, 422.04559326171875, 653.7212524414062, 473.48553466796875], [897.4087524414062, 14.749855041503906, 1399.95361328125, 241.43878173828125], [892.5831298828125, -7.3804931640625, 1404.4586181640625, 375.68780517578125], [1012.8853759765625, 274.6444091796875, 1135.0621337890625, 357.36590576171875], [896.9962158203125, 14.232246398925781, 1400.4219970703125, 225.89471435546875], 