{"labels": [6, 6, 6, 6, 6, 6, 6, 1, 1, 14, 14, 6, 3, 14, 19, 6, 6, 6, 19, 5, 3, 5, 3, 5, 5, 5, 5, 5, 5, 5, 5, 5, 5, 13, 5, 3, 5, 5, 19, 19, 18, 5, 12, 5, 3, 18, 14, 5, 5, 5, 14, 14, 13, 3, 19, 5, 18, 5, 3, 5, 13, 18, 5, 14, 19, 13, 13, 13, 5, 14, 13, 18, 5, 14, 13, 5, 15, 0, 5, 3, 1, 2, 5, 5, 14, 5, 14, 5, 15, 14, 5, 6, 5, 13, 6, 15, 5, 5, 15, 5], "scores": [0.6958155632019043, 0.5422413945198059, 0.3911608159542084, 0.36788254976272583, 0.29216665029525757, 0.1494169533252716, 0.14472948014736176, 0.13679620623588562, 0.133675217628479, 0.12891599535942078, 0.1260336935520172, 0.12297934293746948, 0.1132327988743782, 0.10745533555746078, 0.10011681169271469, 0.09938428550958633, 0.09431149065494537, 0.09265109151601791, 0.08977732062339783, 0.0888848751783371, 0.08377806097269058, 0.08280950784683228, 0.07925403118133545, 0.07889267802238464, 0.07699532806873322, 0.07604353129863739, 0.07567182928323746, 0.07527121901512146, 0.07465061545372009, 0.07385276257991791, 0.07378187775611877, 0.07371868938207626, 0.07218803465366364, 0.0710219293832779, 0.07094559818506241, 0.06823629885911942, 0.06754858046770096, 0.06702973693609238, 0.06633474677801132, 0.06453096866607666, 0.06416460126638412, 0.0640082135796547, 0.06378597766160965, 0.06337256729602814, 0.06267675012350082, 0.06261296570301056, 0.06237387657165527, 0.06152605637907982, 0.06123613566160202, 0.06032688543200493, 0.05856442451477051, 0.05806480348110199, 0.05791496858000755, 0.05632079020142555, 0.05594364553689957, 0.05574455112218857, 0.05513092502951622, 0.054444316774606705, 0.053980935364961624, 0.05334940925240517, 0.05327052250504494, 0.05231678485870361, 0.05160094425082207, 0.05152904987335205, 0.05128172039985657, 0.050963278859853745, 0.05085079371929169, 0.050371646881103516, 0.050106700509786606, 0.05002310872077942, 0.048739973455667496, 0.04811263456940651, 0.04805610328912735, 0.04771989956498146, 0.04669996723532677, 0.046313125640153885, 0.045760128647089005, 0.04570365324616432, 0.045558977872133255, 0.04388917610049248, 0.043475113809108734, 0.04310857504606247, 0.042929623275995255, 0.04282942786812782, 0.04254603013396263, 0.04247266799211502, 0.04245484992861748, 0.042196400463581085, 0.04194554314017296, 0.04158981889486313, 0.041262608021497726, 0.041170671582221985, 0.04099949821829796, 0.040879860520362854, 0.04087963327765465, 0.04071398079395294, 0.04020877555012703, 0.04008835181593895, 0.03982457146048546, 0.039140794426202774], "bboxes": [[835.9636840820312, 490.0529479980469, 919.0712280273438, 574.183349609375], [409.8631591796875, 447.4697265625, 473.46209716796875, 496.00836181640625], [602.6486206054688, 427.14422607421875, 650.1826782226562, 476.0555419921875], [763.5621948242188, 298.5828552246094, 816.0278930664062, 341.7992248535156], [689.7518920898438, 412.2319641113281, 737.8159790039062, 459.6780090332031], [93.5672378540039, 550.9966430664062, 230.7012939453125, 624.9729614257812], [538.2979125976562, 171.18492126464844, 585.4063110351562, 204.6342010498047], [1068.015869140625, 265.1955871582031, 1168.178466796875, 343.1946105957031], [1070.6888427734375, 263.4100646972656, 1205.4962158203125, 352.2898254394531], [640.364501953125, 750.0923461914062, 676.0211181640625, 794.1349487304688], [119.964111328125, 552.1983032226562, 235.41983032226562, 623.5513305664062], [524.9559326171875, 179.8453369140625, 599.488037109375, 276.4505615234375], [101.30523681640625, 553.4562377929688, 230.78497314453125, 622.4703979492188], [1013.2628784179688, 279.9510803222656, 1054.9090576171875, 328.6060485839844], [602.7692260742188, 423.16790771484375, 650.2070922851562, 473.628662109375], [532.4744873046875, 176.30215454101562, 591.8199462890625, 231.93777465820312], [475.38995361328125, 222.4810791015625, 520.8765869140625, 257.4174499511719], [1011.9996337890625, 282.7516784667969, 1056.1956787109375, 332.5138854980469], [689.7518920898438, 412.2319641113281, 737.8159790039062, 459.6780090332031], [604.5364990234375, 428.3704833984375, 653.8482666015625, 474.82025146484375], [602.7692260742188, 423.16790771484375, 650.2070922851562, 473.628662109375], [7.48126220703125, 100.40205383300781, 333.1893310546875, 435.44537353515625], [1011.9996337890625, 282.7516784667969, 1056.1956787109375, 332.5138854980469], [4.97198486328125, 172.8638153076172, 335.3277282714844, 459.19366455078125], [2.6001739501953125, 186.1259307861328, 337.85357666015625, 461.78717041015625], [7.2381591796875, 145.6177520751953, 333.1738586425781, 454.3751220703125], [0.7787017822265625, 198.17095947265625, 339.69781494140625, 465.79547119140625], [8.695938110351562, 120.77384948730469, 331.8389892578125, 447.15057373046875], [8.17059326171875, 109.36654663085938, 332.4274597167969, 442.4607849121094], [6.5260467529296875, 94.00004577636719, 334.19976806640625, 425.9461669921875], [689.7518920898438, 412.2319641113281, 737.8159790039062, 459.6780090332031], [5.97174072265625, 158.6538848876953, 334.3952331542969, 457.24554443359375], [8.222915649414062, 132.54208374023438, 332.25, 451.3971252441406], [1013.2628784179688, 279.9510803222656, 1054.9090576171875, 328.6060485839844], [535.6822509765625, 171.36953735351562, 580.55517578125, 204.20724487304688], [1052.7425537109375, 264.3320617675781, 1327.6063232421875, 399.5461120605469], [763.6912841796875, 302.495849609375, 816.1253662109375, 344.261474609375], [0.0863189697265625, 208.58920288085938, 340.4632568359375, 471.3318176269531], [832.9925537109375, 488.1216735839844, 916.747314453125, 576.0142211914062], [763.5621948242188, 298.5828552246094, 816.0278930664062, 341.7992248535156], [108.40180206298828, 552.9501953125, 231.34091186523438, 622.8563232421875], [104.35011291503906, 554.4749145507812, 235.43125915527344, 628.3456420898438], [1057.1268310546875, 261.78875732421875, 1322.9400634765625, 386.20379638671875], [0.0549774169921875, 217.92726135253906, 340.45794677734375, 478.0648193359375], [836.21923828125, 486.5664978027344, 918.735107421875, 571.532958984375], [119.964111328125, 552.1983032226562, 235.41983032226562, 623.5513305664062], [689.7518920898438, 412.2319641113281, 737.8159790039062, 459.6780090332031], [5.4134979248046875, 79.60377502441406, 350.27264404296875, 408.5369873046875], [89.81072998046875, 552.81591796875, 234.33108520507812, 630.2613525390625], [115.02110290527344, 553.3689575195312, 240.36439514160156, 629.5066528320312], [605.1626586914062, 423.60101318359375, 653.0636596679688, 472.873291015625], [109.58061218261719, 323.5361328125, 158.28257751464844, 380.45361328125], [1066.284912109375, 258.82952880859375, 1241.59326171875, 357.3951416015625], [537.23095703125, 168.76467895507812, 578.780517578125, 199.63375854492188], [115.66559600830078, 553.3236694335938, 232.20388793945312, 622.3843383789062], [0.42291259765625, 307.61260986328125, 441.94598388671875, 766.5221557617188], [602.6486206054688, 427.14422607421875, 650.1826782226562, 476.0555419921875], [409.8631591796875, 447.4697265625, 473.46209716796875, 496.00836181640625], [689.7518920898438, 412.2319641113281, 737.8159790039062, 459.6780090332031], [4.225189208984375, 273.76806640625, 500.1734924316406, 736.8023071289062], [1066.492431640625, 257.98028564453125, 1217.367919921875, 350.6749267578125], [537.23095703125, 168.76467895507812, 578.780517578125, 199.63375854492188], [6.6268157958984375, 285.7159423828125, 497.94415283203125, 756.5712890625], [763.5621948242188, 298.5828552246094, 816.0278930664062, 341.7992248535156], [408.8692626953125, 443.6254577636719, 474.75244140625, 494.0207824707031], [1065.168212890625, 260.72174072265625, 1266.59716796875, 363.2752685546875], [1069.162841796875, 260.8417053222656, 1198.946044921875, 347.7000427246094], [1068.015869140625, 265.1955871582031, 1168.178466796875, 343.1946105957031], [116.17352294921875, 541.6929931640625, 254.99136352539062, 633.928466796875], [107.58401489257812, 329.3241271972656, 160.179443359375, 390.5831604003906], [1061.8685302734375, 263.3130187988281, 